{"cameraMode":{"drawMode":0,"name":"Shaded","section":"Shading Mode"},"sceneLighting":true,"audioPlay":false,"sceneViewState":{"showFog":true,"showMaterialUpdate":false,"showSkybox":true,"showFlares":true,"showImageEffects":true,"showParticleSystems":true},"in2DMode":false,"pivot":{"x":-3.073012351989746,"y":0.2890416383743286,"z":-4.20674991607666},"rotation":{"x":-0.140390083193779,"y":0.6928334832191467,"z":-0.14030718803405763,"w":-0.6932491660118103},"size":3.2196457386016847,"orthographic":false}