{"cameraMode":{"drawMode":0,"name":"Shaded","section":"Shading Mode"},"sceneLighting":true,"audioPlay":false,"sceneViewState":{"showFog":true,"showMaterialUpdate":true,"showSkybox":true,"showFlares":true,"showImageEffects":true,"showParticleSystems":true},"in2DMode":false,"pivot":{"x":0.22174811363220216,"y":-1.4928431510925294,"z":1.2814455032348633},"rotation":{"x":0.22824913263320924,"y":0.17127974331378938,"z":-0.04082595184445381,"w":0.9575530290603638},"size":7.072830677032471,"orthographic":false}