{"cameraMode":{"drawMode":0,"name":"Shaded","section":"Shading Mode"},"sceneLighting":true,"audioPlay":false,"sceneViewState":{"showFog":true,"showMaterialUpdate":true,"showSkybox":true,"showFlares":true,"showImageEffects":true,"showParticleSystems":true},"in2DMode":false,"pivot":{"x":-6.272134780883789,"y":0.6076830625534058,"z":-6.174986839294434},"rotation":{"x":-0.16231614351272584,"y":-0.04409971833229065,"z":0.007261120714247227,"w":-0.9857375621795654},"size":11.920014381408692,"orthographic":false}