{"cameraMode":{"drawMode":0,"name":"Shaded","section":"Shading Mode"},"sceneLighting":true,"audioPlay":false,"sceneViewState":{"showFog":true,"showMaterialUpdate":true,"showSkybox":true,"showFlares":true,"showImageEffects":true,"showParticleSystems":true},"in2DMode":false,"pivot":{"x":-0.2984185516834259,"y":-1.3995202779769898,"z":-3.1681556701660158},"rotation":{"x":-0.2583361566066742,"y":-0.1750245988368988,"z":0.04765503853559494,"w":-0.948889434337616},"size":19.883066177368165,"orthographic":false}