{"cameraMode":{"drawMode":0,"name":"Shaded","section":"Shading Mode"},"sceneLighting":true,"audioPlay":false,"sceneViewState":{"showFog":true,"showMaterialUpdate":true,"showSkybox":true,"showFlares":true,"showImageEffects":true,"showParticleSystems":true},"in2DMode":false,"pivot":{"x":1.1920928955078126e-7,"y":0.5000026226043701,"z":-2.0250213146209719},"rotation":{"x":-0.2583361566066742,"y":-0.1750245988368988,"z":0.04765503853559494,"w":-0.948889434337616},"size":6.803131580352783,"orthographic":false}