{"cameraMode":{"drawMode":0,"name":"Shaded","section":"Shading Mode"},"sceneLighting":false,"audioPlay":false,"sceneViewState":{"showFog":true,"showMaterialUpdate":false,"showSkybox":true,"showFlares":true,"showImageEffects":true,"showParticleSystems":true},"in2DMode":false,"pivot":{"x":7.683338642120361,"y":-23.52959632873535,"z":37.10120391845703},"rotation":{"x":-0.2294781357049942,"y":-0.028626592829823495,"z":0.007057597860693932,"w":-0.9730442762374878},"size":68.81824493408203,"orthographic":false}