{"cameraMode":{"drawMode":0,"name":"Shaded","section":"Shading Mode"},"sceneLighting":true,"audioPlay":false,"sceneViewState":{"showFog":true,"showMaterialUpdate":false,"showSkybox":true,"showFlares":true,"showImageEffects":true,"showParticleSystems":true},"in2DMode":false,"pivot":{"x":-10.701444625854493,"y":1.5321037769317628,"z":1.0278241634368897},"rotation":{"x":0.00004806885772268288,"y":0.9996495246887207,"z":-0.0018094783881679178,"w":0.02639731392264366},"size":8.685243606567383,"orthographic":false}